{"cameraMode":{"drawMode":0,"name":"Shaded","section":"Shading Mode"},"sceneLighting":false,"audioPlay":false,"sceneViewState":{"m_AlwaysRefresh":false,"showFog":true,"showSkybox":false,"showFlares":true,"showImageEffects":true,"showParticleSystems":true,"showVisualEffectGraphs":true,"m_FxEnabled":false},"in2DMode":false,"pivot":{"x":363.6019287109375,"y":17.25621795654297,"z":367.10589599609377},"rotation":{"x":0.08395823836326599,"y":-0.07671323418617249,"z":0.006547446362674236,"w":0.9935489296913147},"size":4.553602695465088,"orthographic":false}